groups,categories,value 1,value 2,value 3,value 4,value 5
group 1,A,61.0158803,25.1903359,13.08076071,28.25939061,71.39695487
group 1,B,71.27703826,21.0180133,7.70494844,13.68924542,60.2322322
group 1,C,82.70203982,13.52731445,3.770645737,15.82376543,58.85721523
group 2,A,58.85721523,28.25939061,12.88339417,16.9873654,76.2345656
group 2,B,71.39695487,20.66010982,7.942935308,25.1903359,88.35425363
group 2,C,82.22389321,13.68924542,4.08686137,12.88339417,99.2343254
group 3,A,60.2372322,35.9873654,15.82376543,17.2312323,65.9873542
group 3,B,80.9876834,16.9873654,2.83764987,9.76548473,55.2312343
group 3,C,90.1117123,14.9543425,4.08686137,12.7654356,74.9876543